m,n,k,time_lib,time_mnk,time_mkn,time_nkm,time_nmk,time_kmn,time_knm
4,3,5,0.00000057,0.00000060,0.00000058,0.00000061,0.00000063,0.00000058
40,30,50,0.00006072,0.00002608,0.00006164,0.00007135,0.00002710,0.00006432
400,300,500,0.08349915,0.02697824,0.07806086,0.17942732,0.03202525,0.18110596
