m,n,k,time_lib,time_mnk,time_mkn,time_nkm,time_nmk,time_kmn,time_knm
4,3,5,0.00000068,0.00000057,0.00000060,0.00000058,0.00000060,0.00000062,0.00000057
40,30,50,0.00002484,0.00006072,0.00002607,0.00006193,0.00007154,0.00002676,0.00006463
400,300,500,0.01223705,0.08341583,0.02673373,0.07789178,0.17921296,0.03161610,0.18107004
